"Two-Factor Authentication","Two-Factor Authentication"
"Storefront Two-Factor Authentication","Storefront Two-Factor Authentication"
"Enable","Enable"
"Customers can opt in to 2FA from ""My Account"". When disabled, customers who activated 2FA sign in with password only.","Customers can opt in to 2FA from ""My Account"". When disabled, customers who activated 2FA sign in with password only."
"Issuer Name","Issuer Name"
"Name shown in the authenticator app. Leave empty to use the store name.","Name shown in the authenticator app. Leave empty to use the store name."
"Clock Tolerance","Clock Tolerance"
"Accept codes from adjacent 30-second windows to tolerate clock drift on the customer's phone.","Accept codes from adjacent 30-second windows to tolerate clock drift on the customer's phone."
"None (current window only)","None (current window only)"
"±30 seconds (recommended)","±30 seconds (recommended)"
"±60 seconds","±60 seconds"
"Max Code Attempts per Sign-in","Max Code Attempts per Sign-in"
"After this many wrong codes the customer must sign in again. Wrong codes also count towards the account lockout (Customer Configuration > Password Options).","After this many wrong codes the customer must sign in again. Wrong codes also count towards the account lockout (Customer Configuration > Password Options)."
"Number of Recovery Codes","Number of Recovery Codes"
"Reset Customer Two-Factor Authentication","Reset Customer Two-Factor Authentication"
"Customer Two-Factor Authentication","Customer Two-Factor Authentication"
"Reset 2FA","Reset 2FA"
"Turn off two-factor authentication for this customer? They will sign in with password only until they enable it again.","Turn off two-factor authentication for this customer? They will sign in with password only until they enable it again."
"Two-factor authentication has been turned off for this customer.","Two-factor authentication has been turned off for this customer."
"Two-factor authentication was not active for this customer.","Two-factor authentication was not active for this customer."
"Active","Active"
"Not active","Not active"
"Your recovery codes","Your recovery codes"
"Save these codes somewhere safe. Each one can be used once to sign in if you lose access to your authenticator app. They will not be shown again.","Save these codes somewhere safe. Each one can be used once to sign in if you lose access to your authenticator app. They will not be shown again."
"Copy codes","Copy codes"
"Copied!","Copied!"
"Download","Download"
"Add an extra layer of security to your account. When you sign in, besides your password you will be asked for a 6-digit code generated by an authenticator app on your phone (Google Authenticator, Microsoft Authenticator, Authy, 1Password…).","Add an extra layer of security to your account. When you sign in, besides your password you will be asked for a 6-digit code generated by an authenticator app on your phone (Google Authenticator, Microsoft Authenticator, Authy, 1Password…)."
"Two-factor authentication is optional: you can turn it off at any time.","Two-factor authentication is optional: you can turn it off at any time."
"Enable two-factor authentication","Enable two-factor authentication"
"1. Scan the QR code","1. Scan the QR code"
"Open your authenticator app and scan this code. On your phone you can tap the button to open the app directly.","Open your authenticator app and scan this code. On your phone you can tap the button to open the app directly."
"QR code for your authenticator app","QR code for your authenticator app"
"Can't scan it? Enter this key manually:","Can't scan it? Enter this key manually:"
"Open in authenticator app","Open in authenticator app"
"2. Enter the 6-digit code","2. Enter the 6-digit code"
"Authentication code","Authentication code"
"Activate","Activate"
"Cancel","Cancel"
"Your account is protected: at every sign-in you will be asked for a code from your authenticator app.","Your account is protected: at every sign-in you will be asked for a code from your authenticator app."
"Enabled on %1.","Enabled on %1."
"Recovery codes left: %1.","Recovery codes left: %1."
"Recovery codes","Recovery codes"
"Generate a new set of recovery codes. The current ones will stop working.","Generate a new set of recovery codes. The current ones will stop working."
"Generate new codes","Generate new codes"
"Turn off two-factor authentication","Turn off two-factor authentication"
"Your account will be protected by your password only.","Your account will be protected by your password only."
"Turn off","Turn off"
"Current password","Current password"
"Authentication code or recovery code","Authentication code or recovery code"
"Open your authenticator app and enter the 6-digit code for this account.","Open your authenticator app and enter the 6-digit code for this account."
"Enter one of the recovery codes you saved when you enabled two-factor authentication.","Enter one of the recovery codes you saved when you enabled two-factor authentication."
"Verify","Verify"
"Use a recovery code","Use a recovery code"
"Use the authenticator app","Use the authenticator app"
"The code is not valid. Check that the time on your phone is correct and try again.","The code is not valid. Check that the time on your phone is correct and try again."
"Two-factor authentication is now active on your account.","Two-factor authentication is now active on your account."
"The password you entered is incorrect.","The password you entered is incorrect."
"The authentication code is not valid.","The authentication code is not valid."
"Two-factor authentication has been turned off.","Two-factor authentication has been turned off."
"New recovery codes generated. The old ones no longer work.","New recovery codes generated. The old ones no longer work."
"Your sign-in session has expired. Please sign in again.","Your sign-in session has expired. Please sign in again."
"Too many invalid codes. Please sign in again.","Too many invalid codes. Please sign in again."
"You are running out of recovery codes. Generate new ones from My Account > Two-Factor Authentication.","You are running out of recovery codes. Generate new ones from My Account > Two-Factor Authentication."
"Please enter your two-factor authentication code.","Please enter your two-factor authentication code."
