"Two-Factor Authentication","Autenticazione a due fattori"
"Storefront Two-Factor Authentication","Autenticazione a due fattori per i clienti"
"Enable","Abilita"
"Customers can opt in to 2FA from ""My Account"". When disabled, customers who activated 2FA sign in with password only.","I clienti possono attivare la 2FA da ""Il mio account"". Se disabilitato, anche chi l'ha attivata accede con la sola password."
"Issuer Name","Nome emittente"
"Name shown in the authenticator app. Leave empty to use the store name.","Nome mostrato nell'app di autenticazione. Lascia vuoto per usare il nome del negozio."
"Clock Tolerance","Tolleranza orologio"
"Accept codes from adjacent 30-second windows to tolerate clock drift on the customer's phone.","Accetta codici delle finestre di 30 secondi adiacenti per tollerare lo sfasamento dell'orologio del telefono."
"None (current window only)","Nessuna (solo finestra corrente)"
"±30 seconds (recommended)","±30 secondi (consigliato)"
"±60 seconds","±60 secondi"
"Max Code Attempts per Sign-in","Tentativi massimi per accesso"
"After this many wrong codes the customer must sign in again. Wrong codes also count towards the account lockout (Customer Configuration > Password Options).","Dopo questo numero di codici errati il cliente deve rifare l'accesso. I codici errati contano anche per il blocco account (Configurazione clienti > Opzioni password)."
"Number of Recovery Codes","Numero di codici di recupero"
"Reset Customer Two-Factor Authentication","Reset autenticazione a due fattori cliente"
"Customer Two-Factor Authentication","Autenticazione a due fattori clienti"
"Reset 2FA","Reset 2FA"
"Turn off two-factor authentication for this customer? They will sign in with password only until they enable it again.","Disattivare l'autenticazione a due fattori per questo cliente? Accederà con la sola password finché non la riattiva."
"Two-factor authentication has been turned off for this customer.","Autenticazione a due fattori disattivata per questo cliente."
"Two-factor authentication was not active for this customer.","L'autenticazione a due fattori non era attiva per questo cliente."
"Active","Attiva"
"Not active","Non attiva"
"Your recovery codes","I tuoi codici di recupero"
"Save these codes somewhere safe. Each one can be used once to sign in if you lose access to your authenticator app. They will not be shown again.","Conserva questi codici in un luogo sicuro. Ognuno può essere usato una sola volta per accedere se perdi l'accesso all'app di autenticazione. Non verranno mostrati di nuovo."
"Copy codes","Copia codici"
"Copied!","Copiati!"
"Download","Scarica"
"Add an extra layer of security to your account. When you sign in, besides your password you will be asked for a 6-digit code generated by an authenticator app on your phone (Google Authenticator, Microsoft Authenticator, Authy, 1Password…).","Aggiungi un livello di sicurezza in più al tuo account. All'accesso, oltre alla password, ti verrà chiesto un codice di 6 cifre generato da un'app di autenticazione sul tuo telefono (Google Authenticator, Microsoft Authenticator, Authy, 1Password…)."
"Two-factor authentication is optional: you can turn it off at any time.","L'autenticazione a due fattori è facoltativa: puoi disattivarla in qualsiasi momento."
"Enable two-factor authentication","Attiva l'autenticazione a due fattori"
"1. Scan the QR code","1. Scansiona il codice QR"
"Open your authenticator app and scan this code. On your phone you can tap the button to open the app directly.","Apri l'app di autenticazione e scansiona questo codice. Dal telefono puoi toccare il link per aprire direttamente l'app."
"QR code for your authenticator app","Codice QR per la tua app di autenticazione"
"Can't scan it? Enter this key manually:","Non riesci a scansionarlo? Inserisci questa chiave manualmente:"
"Open in authenticator app","Apri nell'app di autenticazione"
"2. Enter the 6-digit code","2. Inserisci il codice di 6 cifre"
"Authentication code","Codice di autenticazione"
"Activate","Attiva"
"Cancel","Annulla"
"Your account is protected: at every sign-in you will be asked for a code from your authenticator app.","Il tuo account è protetto: a ogni accesso ti verrà chiesto un codice dalla tua app di autenticazione."
"Enabled on %1.","Attivata il %1."
"Recovery codes left: %1.","Codici di recupero rimasti: %1."
"Recovery codes","Codici di recupero"
"Generate a new set of recovery codes. The current ones will stop working.","Genera un nuovo set di codici di recupero. Quelli attuali smetteranno di funzionare."
"Generate new codes","Genera nuovi codici"
"Turn off two-factor authentication","Disattiva l'autenticazione a due fattori"
"Your account will be protected by your password only.","Il tuo account sarà protetto solo dalla password."
"Turn off","Disattiva"
"Current password","Password attuale"
"Authentication code or recovery code","Codice di autenticazione o codice di recupero"
"Open your authenticator app and enter the 6-digit code for this account.","Apri l'app di autenticazione e inserisci il codice di 6 cifre per questo account."
"Enter one of the recovery codes you saved when you enabled two-factor authentication.","Inserisci uno dei codici di recupero che hai salvato quando hai attivato l'autenticazione a due fattori."
"Verify","Verifica"
"Use a recovery code","Usa un codice di recupero"
"Use the authenticator app","Usa l'app di autenticazione"
"The code is not valid. Check that the time on your phone is correct and try again.","Il codice non è valido. Controlla che l'ora del telefono sia corretta e riprova."
"Two-factor authentication is now active on your account.","L'autenticazione a due fattori è ora attiva sul tuo account."
"The password you entered is incorrect.","La password inserita non è corretta."
"The authentication code is not valid.","Il codice di autenticazione non è valido."
"Two-factor authentication has been turned off.","L'autenticazione a due fattori è stata disattivata."
"New recovery codes generated. The old ones no longer work.","Nuovi codici di recupero generati. Quelli vecchi non funzionano più."
"Your sign-in session has expired. Please sign in again.","La sessione di accesso è scaduta. Accedi di nuovo."
"Too many invalid codes. Please sign in again.","Troppi codici non validi. Accedi di nuovo."
"You are running out of recovery codes. Generate new ones from My Account > Two-Factor Authentication.","Stai esaurendo i codici di recupero. Generane di nuovi da Il mio account > Autenticazione a due fattori."
"Please enter your two-factor authentication code.","Inserisci il codice di autenticazione a due fattori."
